{
  "tabpfn_vs_gbdt": {
    "tabpfn_asrs": [
      0.8666666666666667,
      0.8666666666666667,
      1.0,
      0.5,
      0.7692307692307693
    ],
    "best_gbdt_asrs": [
      0.9333333333333333,
      1.0,
      1.0,
      0.8333333333333334,
      0.8571428571428571
    ],
    "tabpfn_wins": 4,
    "gbdt_wins": 0
  },
  "transfer_asymmetry": {
    "gbdt_to_tabpfn_avg": 0.20107226107226106,
    "tabpfn_to_gbdt_avg": 0.2631701631701632
  }
}