{
  "XGBoost": {
    "clean_accuracy": 0.9333333333333333,
    "attack_success_rate": 0.7857142857142857,
    "avg_perturbation": 3.2464042629342815,
    "avg_queries": 324.8181818181818,
    "adversarial_accuracy": 0.2143,
    "robustness_score": 0.5889037895649903
  },
  "LightGBM": {
    "clean_accuracy": 0.9333333333333333,
    "attack_success_rate": 0.8571428571428571,
    "avg_perturbation": 3.4175941143545843,
    "avg_queries": 371.4166666666667,
    "adversarial_accuracy": 0.1429,
    "robustness_score": 0.5671799550503739
  },
  "TabPFN": {
    "clean_accuracy": 0.9333333333333333,
    "attack_success_rate": 0.7857142857142857,
    "avg_perturbation": 3.0757831821533945,
    "avg_queries": 274.1818181818182,
    "adversarial_accuracy": 0.2143,
    "robustness_score": 0.5820789463337549
  }
}