{
  "no_defense": {
    "asr": 0.8461538461538461,
    "n_samples": 13
  },
  "gaussian_noise_0.01": {
    "asr": 0.15384615384615385,
    "recovery": 0.6923076923076923,
    "noise_std": 0.01
  },
  "gaussian_noise_0.03": {
    "asr": 0.46153846153846156,
    "recovery": 0.3846153846153846,
    "noise_std": 0.03
  },
  "gaussian_noise_0.05": {
    "asr": 0.23076923076923078,
    "recovery": 0.6153846153846154,
    "noise_std": 0.05
  },
  "gaussian_noise_0.1": {
    "asr": 0.38461538461538464,
    "recovery": 0.4615384615384615,
    "noise_std": 0.1
  },
  "feature_squeezing_4bit": {
    "asr": 0.3076923076923077,
    "recovery": 0.5384615384615384,
    "bit_depth": 4
  },
  "feature_squeezing_8bit": {
    "asr": 0.3076923076923077,
    "recovery": 0.5384615384615384,
    "bit_depth": 8
  },
  "feature_squeezing_16bit": {
    "asr": 0.23076923076923078,
    "recovery": 0.6153846153846154,
    "bit_depth": 16
  },
  "ensemble_voting": {
    "asr": 0.23076923076923078,
    "recovery": 0.6153846153846154
  }
}