{
  "XGBoost": {
    "clean_accuracy": 0.9333333333333333,
    "attack_success_rate": 0.7857142857142857,
    "avg_perturbation": 3.458524344749748,
    "avg_queries": 329.1818181818182,
    "adversarial_accuracy": 0.2,
    "robustness_score": 0.597388592837609
  },
  "LightGBM": {
    "clean_accuracy": 0.9333333333333333,
    "attack_success_rate": 0.8571428571428571,
    "avg_perturbation": 3.3887204582905572,
    "avg_queries": 325.25,
    "adversarial_accuracy": 0.1333333333333334,
    "robustness_score": 0.5660250088078128
  },
  "TabPFN": {
    "clean_accuracy": 1.0,
    "attack_success_rate": 0.8,
    "avg_perturbation": 2.041413340202982,
    "avg_queries": 255.25,
    "adversarial_accuracy": 0.19999999999999996,
    "robustness_score": 0.5616565336081193
  }
}