{
  "TabPFN": {
    "clean_accuracy": 0.9649122807017544,
    "attack_success_rate": 0.8571428571428571,
    "adversarial_accuracy": 0.1429,
    "avg_perturbation": 1.2245273818062195,
    "avg_queries": 972.3333333333334,
    "robustness_score": 0.47945728574843927
  },
  "XGBoost": {
    "clean_accuracy": 0.9532163742690059,
    "attack_success_rate": 0.7142857142857143,
    "adversarial_accuracy": 0.2857,
    "avg_perturbation": 1.3717339377324358,
    "avg_queries": 2059.4,
    "robustness_score": 0.5424884051283451
  },
  "LightGBM": {
    "clean_accuracy": 0.9649122807017544,
    "attack_success_rate": 0.5,
    "adversarial_accuracy": 0.5,
    "avg_perturbation": 0.941930702794154,
    "avg_queries": 1599.7142857142858,
    "robustness_score": 0.6110105614450996
  }
}