{
  "TabPFN": {
    "clean_accuracy": 0.9649122807017544,
    "attack_success_rate": 0.8666666666666667,
    "avg_perturbation": 1.3963412357868026,
    "avg_queries": 847.5384615384615,
    "adversarial_accuracy": 0.1333333333333333,
    "robustness_score": 0.5091869827648055
  },
  "XGBoost": {
    "clean_accuracy": 0.9532163742690059,
    "attack_success_rate": 0.7333333333333333,
    "avg_perturbation": 1.4613565939025692,
    "avg_queries": 1768.0,
    "adversarial_accuracy": 0.2666666666666667,
    "robustness_score": 0.5651209304227695
  },
  "LightGBM": {
    "clean_accuracy": 0.9649122807017544,
    "attack_success_rate": 0.4666666666666667,
    "avg_perturbation": 1.1648063690118249,
    "avg_queries": 1205.5714285714287,
    "adversarial_accuracy": 0.5333333333333333,
    "robustness_score": 0.6599255880938064
  }
}