{
  "XGBoost": {
    "clean_accuracy": 0.9333333333333333,
    "attack_success_rate": 0.7142857142857143,
    "avg_perturbation": 1.1767332017520622,
    "avg_queries": 179.4,
    "adversarial_accuracy": 0.26666666666666666,
    "robustness_score": 0.5346883756891301
  },
  "LightGBM": {
    "clean_accuracy": 0.9333333333333333,
    "attack_success_rate": 0.7142857142857143,
    "avg_perturbation": 1.2276642450509663,
    "avg_queries": 173.3,
    "adversarial_accuracy": 0.26666666666666666,
    "robustness_score": 0.5367256174210863
  },
  "TabPFN": {
    "clean_accuracy": 1.0,
    "attack_success_rate": 0.8,
    "avg_perturbation": 1.3668184139930977,
    "avg_queries": 131.25,
    "adversarial_accuracy": 0.19999999999999996,
    "robustness_score": 0.5346727365597239
  }
}