{
  "XGBoost": {
    "clean_accuracy": 0.9532163742690059,
    "attack_success_rate": 0.7857142857142857,
    "avg_perturbation": 3.2464042629342815,
    "avg_queries": 324.8181818181818,
    "adversarial_accuracy": 0.2142857142857143,
    "robustness_score": 0.5889037895649903
  },
  "LightGBM": {
    "clean_accuracy": 0.9649122807017544,
    "attack_success_rate": 0.8571428571428571,
    "avg_perturbation": 3.4175941143545843,
    "avg_queries": 371.4166666666667,
    "adversarial_accuracy": 0.1428571428571429,
    "robustness_score": 0.5671799550503739
  },
  "TabPFN": {
    "clean_accuracy": 0.9649122807017544,
    "attack_success_rate": 0.7857142857142857,
    "avg_perturbation": 3.1060053586100427,
    "avg_queries": 276.27272727272725,
    "adversarial_accuracy": 0.2142857142857143,
    "robustness_score": 0.5832878333920208
  }
}