{
  "no_defense": {
    "asr": 0.8571428571428571,
    "n_samples": 14
  },
  "gaussian_noise_0.01": {
    "asr": 0.07142857142857142,
    "recovery": 0.7857142857142857,
    "noise_std": 0.01
  },
  "gaussian_noise_0.03": {
    "asr": 0.21428571428571427,
    "recovery": 0.6428571428571428,
    "noise_std": 0.03
  },
  "gaussian_noise_0.05": {
    "asr": 0.21428571428571427,
    "recovery": 0.6428571428571428,
    "noise_std": 0.05
  },
  "gaussian_noise_0.1": {
    "asr": 0.42857142857142855,
    "recovery": 0.42857142857142855,
    "noise_std": 0.1
  },
  "feature_squeezing_4bit": {
    "asr": 0.35714285714285715,
    "recovery": 0.49999999999999994,
    "bit_depth": 4
  },
  "feature_squeezing_8bit": {
    "asr": 0.2857142857142857,
    "recovery": 0.5714285714285714,
    "bit_depth": 8
  },
  "feature_squeezing_16bit": {
    "asr": 0.07142857142857142,
    "recovery": 0.7857142857142857,
    "bit_depth": 16
  },
  "ensemble_voting": {
    "asr": 0.21428571428571427,
    "recovery": 0.6428571428571428
  }
}