{
  "no_defense": {
    "asr": 0.9090909090909091,
    "n_samples": 11
  },
  "gaussian_noise_0.01": {
    "asr": 0.5454545454545454,
    "recovery": 0.36363636363636365,
    "noise_std": 0.01
  },
  "gaussian_noise_0.03": {
    "asr": 0.45454545454545453,
    "recovery": 0.45454545454545453,
    "noise_std": 0.03
  },
  "gaussian_noise_0.05": {
    "asr": 0.45454545454545453,
    "recovery": 0.45454545454545453,
    "noise_std": 0.05
  },
  "gaussian_noise_0.1": {
    "asr": 0.36363636363636365,
    "recovery": 0.5454545454545454,
    "noise_std": 0.1
  },
  "feature_squeezing_4bit": {
    "asr": 0.5454545454545454,
    "recovery": 0.36363636363636365,
    "bit_depth": 4
  },
  "feature_squeezing_8bit": {
    "asr": 0.18181818181818182,
    "recovery": 0.7272727272727273,
    "bit_depth": 8
  },
  "feature_squeezing_16bit": {
    "asr": 0.09090909090909091,
    "recovery": 0.8181818181818181,
    "bit_depth": 16
  },
  "ensemble_voting": {
    "asr": 0.8181818181818182,
    "recovery": 0.09090909090909083
  }
}