{
  "XGBoost": {
    "clean_accuracy": 0.7575757575757576,
    "attack_success_rate": 1.0,
    "avg_perturbation": 1.5038459520907135,
    "avg_queries": 339.53333333333336,
    "adversarial_accuracy": 0.0,
    "robustness_score": 0.4601538380836286
  },
  "LightGBM": {
    "clean_accuracy": 0.7619047619047619,
    "attack_success_rate": 1.0,
    "avg_perturbation": 1.3360010883250861,
    "avg_queries": 308.0,
    "adversarial_accuracy": 0.0,
    "robustness_score": 0.4534400435330035
  },
  "TabPFN": {
    "clean_accuracy": 0.7402597402597403,
    "attack_success_rate": 1.0,
    "avg_perturbation": 2.661137131634061,
    "avg_queries": 325.73333333333335,
    "adversarial_accuracy": 0.0,
    "robustness_score": 0.5064454852653625
  }
}