{
  "TabPFN": {
    "clean_accuracy": 0.7402597402597403,
    "attack_success_rate": 1.0,
    "adversarial_accuracy": 0.0,
    "avg_perturbation": 1.3488786632936383,
    "avg_queries": 769.8,
    "robustness_score": 0.3206218131984122
  },
  "XGBoost": {
    "clean_accuracy": 0.7575757575757576,
    "attack_success_rate": 1.0,
    "adversarial_accuracy": 0.0,
    "avg_perturbation": 1.298542029334541,
    "avg_queries": 1068.7777777777778,
    "robustness_score": 0.29194168117338165
  },
  "LightGBM": {
    "clean_accuracy": 0.7705627705627706,
    "attack_success_rate": 1.0,
    "adversarial_accuracy": 0.0,
    "avg_perturbation": 1.0073723441558213,
    "avg_queries": 606.9090909090909,
    "robustness_score": 0.3336282270995662
  }
}