{
  "XGBoost": {
    "clean_accuracy": 0.8,
    "attack_success_rate": 0.8333333333333334,
    "avg_perturbation": 1.7779990331612485,
    "avg_queries": 236.8,
    "adversarial_accuracy": 0.1333333333333333,
    "robustness_score": 0.45778662799311665
  },
  "LightGBM": {
    "clean_accuracy": 0.8,
    "attack_success_rate": 0.8333333333333334,
    "avg_perturbation": 1.3775162411404545,
    "avg_queries": 241.9,
    "adversarial_accuracy": 0.1333333333333333,
    "robustness_score": 0.4417673163122849
  },
  "TabPFN": {
    "clean_accuracy": 0.8666666666666667,
    "attack_success_rate": 0.8461538461538461,
    "avg_perturbation": 1.8031270672491821,
    "avg_queries": 206.8181818181818,
    "adversarial_accuracy": 0.13333333333333333,
    "robustness_score": 0.48033021089509553
  }
}