{
  "TabPFN": {
    "clean_accuracy": 0.7489177489177489,
    "attack_success_rate": 1.0,
    "adversarial_accuracy": 0.0,
    "avg_perturbation": 1.19789526439623,
    "avg_queries": 694.2727272727273,
    "robustness_score": 0.34124914390918254
  },
  "XGBoost": {
    "clean_accuracy": 0.7575757575757576,
    "attack_success_rate": 1.0,
    "adversarial_accuracy": 0.0,
    "avg_perturbation": 1.0899733610087203,
    "avg_queries": 841.4444444444445,
    "robustness_score": 0.2835989344403488
  },
  "LightGBM": {
    "clean_accuracy": 0.7705627705627706,
    "attack_success_rate": 1.0,
    "adversarial_accuracy": 0.0,
    "avg_perturbation": 0.9707177362423866,
    "avg_queries": 612.5454545454545,
    "robustness_score": 0.3321620427830288
  }
}