{
  "XGBoost": {
    "clean_accuracy": 0.7575757575757576,
    "attack_success_rate": 1.0,
    "adversarial_accuracy": 0.0,
    "avg_perturbation": 1.433088932061091,
    "avg_queries": 312.44444444444446,
    "robustness_score": 0.29732355728244364
  },
  "LightGBM": {
    "clean_accuracy": 0.7705627705627706,
    "attack_success_rate": 1.0,
    "adversarial_accuracy": 0.0,
    "avg_perturbation": 1.5115252990733838,
    "avg_queries": 298.3636363636364,
    "robustness_score": 0.3537943452962687
  },
  "TabPFN": {
    "clean_accuracy": 0.7489177489177489,
    "attack_success_rate": 1.0,
    "adversarial_accuracy": 0.0,
    "avg_perturbation": 2.099380414856833,
    "avg_queries": 251.0,
    "robustness_score": 0.37730854992760665
  }
}