{
  "TabPFN": {
    "clean_accuracy": 0.7489177489177489,
    "attack_success_rate": 1.0,
    "adversarial_accuracy": 0.0,
    "avg_perturbation": 1.2333459683701837,
    "avg_queries": 747.8181818181819,
    "robustness_score": 0.3426671720681407
  },
  "XGBoost": {
    "clean_accuracy": 0.7575757575757576,
    "attack_success_rate": 1.0,
    "adversarial_accuracy": 0.0,
    "avg_perturbation": 1.1797162324678994,
    "avg_queries": 862.1111111111111,
    "robustness_score": 0.28718864929871596
  },
  "LightGBM": {
    "clean_accuracy": 0.7705627705627706,
    "attack_success_rate": 1.0,
    "adversarial_accuracy": 0.0,
    "avg_perturbation": 0.9285539110203416,
    "avg_queries": 567.4545454545455,
    "robustness_score": 0.330475489774147
  }
}