{
  "XGBoost": {
    "clean_accuracy": 0.7575757575757576,
    "attack_success_rate": 1.0,
    "adversarial_accuracy": 0.0,
    "avg_perturbation": 2.2690242627503983,
    "avg_queries": 353.44444444444446,
    "robustness_score": 0.3307609705100159
  },
  "LightGBM": {
    "clean_accuracy": 0.7705627705627706,
    "attack_success_rate": 1.0,
    "adversarial_accuracy": 0.0,
    "avg_perturbation": 1.7411956618321136,
    "avg_queries": 322.45454545454544,
    "robustness_score": 0.3629811598066179
  },
  "TabPFN": {
    "clean_accuracy": 0.7402597402597403,
    "attack_success_rate": 1.0,
    "adversarial_accuracy": 0.0,
    "avg_perturbation": 1.9231787144909187,
    "avg_queries": 254.7,
    "robustness_score": 0.3435938152463034
  }
}