{
  "XGBoost": {
    "clean_accuracy": 0.8,
    "attack_success_rate": 1.0,
    "avg_perturbation": 1.6589982554670875,
    "avg_queries": 290.6,
    "adversarial_accuracy": 0.0,
    "robustness_score": 0.4663599302186835
  },
  "LightGBM": {
    "clean_accuracy": 0.8222222222222222,
    "attack_success_rate": 0.9333333333333333,
    "avg_perturbation": 1.619703265248313,
    "avg_queries": 326.07142857142856,
    "adversarial_accuracy": 0.06666666666666665,
    "robustness_score": 0.49145479727659924
  },
  "TabPFN": {
    "clean_accuracy": 0.8555555555555555,
    "attack_success_rate": 0.6666666666666666,
    "avg_perturbation": 1.656207634512582,
    "avg_queries": 159.9,
    "adversarial_accuracy": 0.33333333333333337,
    "robustness_score": 0.5995816387138367
  }
}