{
  "TabPFN": {
    "clean_accuracy": 0.8444444444444444,
    "attack_success_rate": 0.5,
    "adversarial_accuracy": 0.4,
    "avg_perturbation": 0.08634125840608965,
    "avg_queries": 259.3333333333333,
    "robustness_score": 0.5234536503362436
  },
  "XGBoost": {
    "clean_accuracy": 0.8,
    "attack_success_rate": 0.5833333333333334,
    "adversarial_accuracy": 0.3333333333333333,
    "avg_perturbation": 0.7470618369950422,
    "avg_queries": 776.0,
    "robustness_score": 0.5165491401464684
  },
  "LightGBM": {
    "clean_accuracy": 0.8222222222222222,
    "attack_success_rate": 0.4166666666666667,
    "adversarial_accuracy": 0.4666666666666666,
    "avg_perturbation": 1.054046608817101,
    "avg_queries": 1588.2,
    "robustness_score": 0.5954951976860174
  }
}