{
  "TabPFN": {
    "clean_accuracy": 0.8444444444444444,
    "attack_success_rate": 0.5,
    "adversarial_accuracy": 0.4,
    "avg_perturbation": 0.08089310263282252,
    "avg_queries": 254.16666666666666,
    "robustness_score": 0.5232357241053129
  },
  "XGBoost": {
    "clean_accuracy": 0.8,
    "attack_success_rate": 0.5833333333333334,
    "adversarial_accuracy": 0.3333333333333333,
    "avg_perturbation": 0.7744568252262063,
    "avg_queries": 1010.7142857142857,
    "robustness_score": 0.5176449396757149
  },
  "LightGBM": {
    "clean_accuracy": 0.8222222222222222,
    "attack_success_rate": 0.4166666666666667,
    "adversarial_accuracy": 0.4666666666666666,
    "avg_perturbation": 1.0689219171675997,
    "avg_queries": 1544.8,
    "robustness_score": 0.5960902100200374
  }
}