{
  "TabPFN": {
    "clean_accuracy": 0.8555555555555555,
    "attack_success_rate": 0.5,
    "adversarial_accuracy": 0.5,
    "avg_perturbation": 0.01543275016160215,
    "avg_queries": 32.0,
    "robustness_score": 0.520617310006464
  },
  "XGBoost": {
    "clean_accuracy": 0.8,
    "attack_success_rate": 0.5833333333333334,
    "adversarial_accuracy": 0.4167,
    "avg_perturbation": 0.783543185789031,
    "avg_queries": 1112.5714285714287,
    "robustness_score": 0.518008394098228
  },
  "LightGBM": {
    "clean_accuracy": 0.8222222222222222,
    "attack_success_rate": 0.4166666666666667,
    "adversarial_accuracy": 0.5833,
    "avg_perturbation": 1.105578542962392,
    "avg_queries": 2146.2,
    "robustness_score": 0.5975564750518291
  }
}