{
  "XGBoost": {
    "clean_accuracy": 0.8,
    "attack_success_rate": 1.0,
    "avg_perturbation": 2.0280649578981853,
    "avg_queries": 234.91666666666666,
    "adversarial_accuracy": 0.0,
    "robustness_score": 0.40112259831592745
  },
  "LightGBM": {
    "clean_accuracy": 0.8,
    "attack_success_rate": 0.9166666666666666,
    "avg_perturbation": 2.358292937977851,
    "avg_queries": 241.8181818181818,
    "adversarial_accuracy": 0.0666666666666667,
    "robustness_score": 0.44766505085244745
  },
  "TabPFN": {
    "clean_accuracy": 0.8,
    "attack_success_rate": 0.5,
    "avg_perturbation": 0.5742389157793434,
    "avg_queries": 86.66666666666667,
    "adversarial_accuracy": 0.4,
    "robustness_score": 0.5429695566311737
  }
}