{
  "XGBoost": {
    "clean_accuracy": 1.0,
    "attack_success_rate": 1.0,
    "avg_perturbation": 1.3333060473647071,
    "avg_queries": 264.8666666666667,
    "adversarial_accuracy": 0.0,
    "robustness_score": 0.4533322418945883
  },
  "LightGBM": {
    "clean_accuracy": 1.0,
    "attack_success_rate": 1.0,
    "avg_perturbation": 1.2927801991284658,
    "avg_queries": 267.8666666666667,
    "adversarial_accuracy": 0.0,
    "robustness_score": 0.45171120796513864
  },
  "TabPFN": {
    "clean_accuracy": 1.0,
    "attack_success_rate": 1.0,
    "avg_perturbation": 2.0989697484947576,
    "avg_queries": 240.2,
    "adversarial_accuracy": 0.0,
    "robustness_score": 0.48395878993979036
  }
}