{
  "XGBoost": {
    "clean_accuracy": 1.0,
    "attack_success_rate": 0.26666666666666666,
    "avg_perturbation": 0.9093337001906812,
    "avg_queries": 535.75,
    "adversarial_accuracy": 0.7333333333333334,
    "robustness_score": 0.7297066813409606
  },
  "LightGBM": {
    "clean_accuracy": 1.0,
    "attack_success_rate": 0.3333333333333333,
    "avg_perturbation": 0.9371308038322723,
    "avg_queries": 478.4,
    "adversarial_accuracy": 0.6666666666666667,
    "robustness_score": 0.7041518988199577
  },
  "TabPFN": {
    "clean_accuracy": 1.0,
    "attack_success_rate": 0.06666666666666667,
    "avg_perturbation": 1.3284760251983603,
    "avg_queries": 1551.0,
    "adversarial_accuracy": 0.9333333333333333,
    "robustness_score": 0.8264723743412679
  }
}