{
  "XGBoost": {
    "clean_accuracy": 1.0,
    "attack_success_rate": 0.5333333333333333,
    "avg_perturbation": 1.0157371644838746,
    "avg_queries": 1640.125,
    "adversarial_accuracy": 0.4666666666666667,
    "robustness_score": 0.6272961532460216
  },
  "LightGBM": {
    "clean_accuracy": 1.0,
    "attack_success_rate": 0.5333333333333333,
    "avg_perturbation": 0.9974939476000899,
    "avg_queries": 1039.5,
    "adversarial_accuracy": 0.4666666666666667,
    "robustness_score": 0.6265664245706702
  },
  "TabPFN": {
    "clean_accuracy": 1.0,
    "attack_success_rate": 0.2,
    "avg_perturbation": 1.3291298772556672,
    "avg_queries": 2088.3333333333335,
    "adversarial_accuracy": 0.8,
    "robustness_score": 0.7731651950902267
  }
}