{
  "XGBoost": {
    "clean_accuracy": 1.0,
    "attack_success_rate": 1.0,
    "avg_perturbation": 1.1842511314897008,
    "avg_queries": 252.73333333333332,
    "adversarial_accuracy": 0.0,
    "robustness_score": 0.44737004525958807
  },
  "LightGBM": {
    "clean_accuracy": 1.0,
    "attack_success_rate": 1.0,
    "avg_perturbation": 1.257072141859408,
    "avg_queries": 251.33333333333334,
    "adversarial_accuracy": 0.0,
    "robustness_score": 0.45028288567437635
  },
  "TabPFN": {
    "clean_accuracy": 1.0,
    "attack_success_rate": 0.9333333333333333,
    "avg_perturbation": 1.9003840138391261,
    "avg_queries": 224.07142857142858,
    "adversarial_accuracy": 0.06666666666666665,
    "robustness_score": 0.5026820272202317
  }
}