{
  "XGBoost": {
    "clean_accuracy": 1.0,
    "attack_success_rate": 1.0,
    "avg_perturbation": 1.8318888928736037,
    "avg_queries": 270.46666666666664,
    "robustness_score": 0.4732755557149442
  },
  "LightGBM": {
    "clean_accuracy": 1.0,
    "attack_success_rate": 1.0,
    "avg_perturbation": 0.9808070408865242,
    "avg_queries": 181.4,
    "robustness_score": 0.439232281635461
  },
  "TabPFN": {
    "clean_accuracy": 1.0,
    "attack_success_rate": 0.9333333333333333,
    "avg_perturbation": 1.709253005076634,
    "avg_queries": 235.64285714285714,
    "robustness_score": 0.49503678686973207
  }
}