{
  "XGBoost": {
    "clean_accuracy": 1.0,
    "attack_success_rate": 1.0,
    "avg_perturbation": 1.7438885878802286,
    "avg_queries": 273.8666666666667,
    "adversarial_accuracy": 0.0,
    "robustness_score": 0.46975554351520915
  },
  "LightGBM": {
    "clean_accuracy": 1.0,
    "attack_success_rate": 1.0,
    "avg_perturbation": 1.0871379615129766,
    "avg_queries": 183.46666666666667,
    "adversarial_accuracy": 0.0,
    "robustness_score": 0.4434855184605191
  },
  "TabPFN": {
    "clean_accuracy": 1.0,
    "attack_success_rate": 0.9333333333333333,
    "avg_perturbation": 1.7003613407658613,
    "avg_queries": 225.14285714285714,
    "adversarial_accuracy": 0.06666666666666665,
    "robustness_score": 0.49468112029730116
  }
}