{
  "XGBoost": {
    "clean_accuracy": 1.0,
    "attack_success_rate": 1.0,
    "avg_perturbation": 1.536151031095027,
    "avg_queries": 329.26666666666665,
    "adversarial_accuracy": 0.0,
    "robustness_score": 0.4614460412438011
  },
  "LightGBM": {
    "clean_accuracy": 1.0,
    "attack_success_rate": 1.0,
    "avg_perturbation": 1.380996366466003,
    "avg_queries": 330.8666666666667,
    "adversarial_accuracy": 0.0,
    "robustness_score": 0.45523985465864014
  },
  "TabPFN": {
    "clean_accuracy": 1.0,
    "attack_success_rate": 0.8666666666666667,
    "avg_perturbation": 2.005228999547953,
    "avg_queries": 333.15384615384613,
    "adversarial_accuracy": 0.1333333333333333,
    "robustness_score": 0.5335424933152515
  }
}