{
  "no_defense": {
    "asr": 1.0,
    "n_samples": 15
  },
  "gaussian_noise_0.01": {
    "asr": 0.6666666666666666,
    "recovery": 0.33333333333333337,
    "noise_std": 0.01
  },
  "gaussian_noise_0.03": {
    "asr": 0.6666666666666666,
    "recovery": 0.33333333333333337,
    "noise_std": 0.03
  },
  "gaussian_noise_0.05": {
    "asr": 0.6666666666666666,
    "recovery": 0.33333333333333337,
    "noise_std": 0.05
  },
  "gaussian_noise_0.1": {
    "asr": 0.8,
    "recovery": 0.19999999999999996,
    "noise_std": 0.1
  },
  "feature_squeezing_4bit": {
    "asr": 0.7333333333333333,
    "recovery": 0.2666666666666667,
    "bit_depth": 4
  },
  "feature_squeezing_8bit": {
    "asr": 0.8,
    "recovery": 0.19999999999999996,
    "bit_depth": 8
  },
  "feature_squeezing_16bit": {
    "asr": 0.8,
    "recovery": 0.19999999999999996,
    "bit_depth": 16
  },
  "ensemble_voting": {
    "asr": 0.6,
    "recovery": 0.4
  }
}