{
  "TabPFN": {
    "5": {
      "clean_accuracy": 0.95,
      "attack_success_rate": 1.0,
      "avg_perturbation": 1.4538549425146983,
      "robustness_score": 0.45815419770058796,
      "n_samples_tested": 15
    },
    "10": {
      "clean_accuracy": 0.85,
      "attack_success_rate": 0.8666666666666667,
      "avg_perturbation": 1.7686167290598827,
      "robustness_score": 0.5240780024957287,
      "n_samples_tested": 15
    },
    "15": {
      "clean_accuracy": 0.8,
      "attack_success_rate": 0.3333333333333333,
      "avg_perturbation": 3.8550778086459965,
      "robustness_score": 0.8208697790125066,
      "n_samples_tested": 15
    },
    "20": {
      "clean_accuracy": 0.9333333333333333,
      "attack_success_rate": 0.2,
      "avg_perturbation": 4.06186864762214,
      "robustness_score": 0.8824747459048857,
      "n_samples_tested": 15
    }
  },
  "XGBoost": {
    "5": {
      "clean_accuracy": 0.95,
      "attack_success_rate": 0.9333333333333333,
      "avg_perturbation": 0.9179002064149938,
      "robustness_score": 0.46338267492326646,
      "n_samples_tested": 15
    },
    "10": {
      "clean_accuracy": 0.7166666666666667,
      "attack_success_rate": 1.0,
      "avg_perturbation": 1.7044162498492037,
      "robustness_score": 0.4681766499939682,
      "n_samples_tested": 15
    },
    "15": {
      "clean_accuracy": 0.7833333333333333,
      "attack_success_rate": 0.6666666666666666,
      "avg_perturbation": 2.1705213031732797,
      "robustness_score": 0.6201541854602646,
      "n_samples_tested": 15
    },
    "20": {
      "clean_accuracy": 0.85,
      "attack_success_rate": 0.9333333333333333,
      "avg_perturbation": 2.6640535260910494,
      "robustness_score": 0.5332288077103087,
      "n_samples_tested": 15
    }
  },
  "LightGBM": {
    "5": {
      "clean_accuracy": 0.95,
      "attack_success_rate": 0.9333333333333333,
      "avg_perturbation": 1.326246839410514,
      "robustness_score": 0.47971654024308724,
      "n_samples_tested": 15
    },
    "10": {
      "clean_accuracy": 0.7666666666666667,
      "attack_success_rate": 1.0,
      "avg_perturbation": 1.7113797596310818,
      "robustness_score": 0.4684551903852433,
      "n_samples_tested": 15
    },
    "15": {
      "clean_accuracy": 0.7666666666666667,
      "attack_success_rate": 0.6,
      "avg_perturbation": 2.2993767007487103,
      "robustness_score": 0.6519750680299485,
      "n_samples_tested": 15
    },
    "20": {
      "clean_accuracy": 0.8333333333333334,
      "attack_success_rate": 0.7333333333333333,
      "avg_perturbation": 2.559672443162248,
      "robustness_score": 0.6090535643931566,
      "n_samples_tested": 15
    }
  }
}