{
  "TabPFN": {
    "0%": {
      "noise_level": 0.0,
      "clean_accuracy": 0.9333333333333333,
      "attack_success_rate": 0.6666666666666666,
      "adversarial_accuracy": 0.3333,
      "avg_perturbation": 2.3946102806583003,
      "robustness_score": 0.6291177445596654,
      "n_samples_tested": 15
    },
    "5%": {
      "noise_level": 0.05,
      "clean_accuracy": 0.8333333333333334,
      "attack_success_rate": 0.6428571428571429,
      "adversarial_accuracy": 0.3571,
      "avg_perturbation": 2.0421458696900694,
      "robustness_score": 0.5978763109780789,
      "n_samples_tested": 14
    },
    "10%": {
      "noise_level": 0.1,
      "clean_accuracy": 0.8333333333333334,
      "attack_success_rate": 0.8,
      "adversarial_accuracy": 0.2,
      "avg_perturbation": 2.162409691772996,
      "robustness_score": 0.5664963876709198,
      "n_samples_tested": 15
    },
    "20%": {
      "noise_level": 0.2,
      "clean_accuracy": 0.8,
      "attack_success_rate": 0.9285714285714286,
      "adversarial_accuracy": 0.0714,
      "avg_perturbation": 2.3647213481244753,
      "robustness_score": 0.49649361582974094,
      "n_samples_tested": 14
    }
  },
  "XGBoost": {
    "0%": {
      "noise_level": 0.0,
      "clean_accuracy": 0.85,
      "attack_success_rate": 0.6428571428571429,
      "adversarial_accuracy": 0.3571,
      "avg_perturbation": 1.8652254159396828,
      "robustness_score": 0.5907994928280635,
      "n_samples_tested": 14
    },
    "5%": {
      "noise_level": 0.05,
      "clean_accuracy": 0.8333333333333334,
      "attack_success_rate": 0.7857142857142857,
      "adversarial_accuracy": 0.2143,
      "avg_perturbation": 1.92510677235905,
      "robustness_score": 0.536051889941981,
      "n_samples_tested": 14
    },
    "10%": {
      "noise_level": 0.1,
      "clean_accuracy": 0.75,
      "attack_success_rate": 0.75,
      "adversarial_accuracy": 0.25,
      "avg_perturbation": 2.6566543198991943,
      "robustness_score": 0.5262661727959679,
      "n_samples_tested": 12
    },
    "20%": {
      "noise_level": 0.2,
      "clean_accuracy": 0.7666666666666667,
      "attack_success_rate": 0.7692307692307693,
      "adversarial_accuracy": 0.2308,
      "avg_perturbation": 2.2662657097653396,
      "robustness_score": 0.5296249873649725,
      "n_samples_tested": 13
    }
  },
  "LightGBM": {
    "0%": {
      "noise_level": 0.0,
      "clean_accuracy": 0.7833333333333333,
      "attack_success_rate": 0.6923076923076923,
      "adversarial_accuracy": 0.3077,
      "avg_perturbation": 2.4970599225081056,
      "robustness_score": 0.569625986643914,
      "n_samples_tested": 13
    },
    "5%": {
      "noise_level": 0.05,
      "clean_accuracy": 0.8,
      "attack_success_rate": 0.8571428571428571,
      "adversarial_accuracy": 0.1429,
      "avg_perturbation": 1.9325733147934319,
      "robustness_score": 0.5077791230679278,
      "n_samples_tested": 14
    },
    "10%": {
      "noise_level": 0.1,
      "clean_accuracy": 0.7333333333333333,
      "attack_success_rate": 0.7692307692307693,
      "adversarial_accuracy": 0.2308,
      "avg_perturbation": 2.188331883469714,
      "robustness_score": 0.5265076343131476,
      "n_samples_tested": 13
    },
    "20%": {
      "noise_level": 0.2,
      "clean_accuracy": 0.7,
      "attack_success_rate": 1.0,
      "adversarial_accuracy": 0.0,
      "avg_perturbation": 1.7777760352573386,
      "robustness_score": 0.41777770807696024,
      "n_samples_tested": 13
    }
  }
}