{
  "TabPFN": {
    "0%": {
      "noise_level": 0.0,
      "clean_accuracy": 0.9666666666666667,
      "attack_success_rate": 0.7333333333333333,
      "adversarial_accuracy": 0.2666666666666667,
      "avg_perturbation": 2.0366009430194083,
      "robustness_score": 0.5881307043874431,
      "n_samples_tested": 15
    },
    "5%": {
      "noise_level": 0.05,
      "clean_accuracy": 0.85,
      "attack_success_rate": 0.6428571428571429,
      "adversarial_accuracy": 0.3333333333333333,
      "avg_perturbation": 2.05228242603423,
      "robustness_score": 0.5982817732318454,
      "n_samples_tested": 14
    },
    "10%": {
      "noise_level": 0.1,
      "clean_accuracy": 0.8333333333333334,
      "attack_success_rate": 0.8666666666666667,
      "adversarial_accuracy": 0.1333333333333333,
      "avg_perturbation": 2.3893074402527508,
      "robustness_score": 0.5489056309434435,
      "n_samples_tested": 15
    },
    "20%": {
      "noise_level": 0.2,
      "clean_accuracy": 0.8166666666666667,
      "attack_success_rate": 0.8571428571428571,
      "adversarial_accuracy": 0.1333333333333334,
      "avg_perturbation": 1.777439696631495,
      "robustness_score": 0.5015737783414503,
      "n_samples_tested": 14
    }
  },
  "XGBoost": {
    "0%": {
      "noise_level": 0.0,
      "clean_accuracy": 0.85,
      "attack_success_rate": 0.6428571428571429,
      "adversarial_accuracy": 0.3333333333333333,
      "avg_perturbation": 2.374746337550979,
      "robustness_score": 0.6111803296925153,
      "n_samples_tested": 14
    },
    "5%": {
      "noise_level": 0.05,
      "clean_accuracy": 0.8333333333333334,
      "attack_success_rate": 0.7857142857142857,
      "adversarial_accuracy": 0.2,
      "avg_perturbation": 2.1058400532175816,
      "robustness_score": 0.5432812211763224,
      "n_samples_tested": 14
    },
    "10%": {
      "noise_level": 0.1,
      "clean_accuracy": 0.75,
      "attack_success_rate": 0.9166666666666666,
      "adversarial_accuracy": 0.0666666666666667,
      "avg_perturbation": 2.0823824337768544,
      "robustness_score": 0.43662863068440755,
      "n_samples_tested": 12
    },
    "20%": {
      "noise_level": 0.2,
      "clean_accuracy": 0.7666666666666667,
      "attack_success_rate": 0.9230769230769231,
      "adversarial_accuracy": 0.06666666666666662,
      "avg_perturbation": 2.4147232489938797,
      "robustness_score": 0.47402482739565266,
      "n_samples_tested": 13
    }
  },
  "LightGBM": {
    "0%": {
      "noise_level": 0.0,
      "clean_accuracy": 0.7833333333333333,
      "attack_success_rate": 0.6153846153846154,
      "adversarial_accuracy": 0.3333333333333333,
      "avg_perturbation": 1.923859521028509,
      "robustness_score": 0.5774672013539609,
      "n_samples_tested": 13
    },
    "5%": {
      "noise_level": 0.05,
      "clean_accuracy": 0.8,
      "attack_success_rate": 0.9285714285714286,
      "adversarial_accuracy": 0.06666666666666664,
      "avg_perturbation": 2.1686863284337887,
      "robustness_score": 0.4886522150421135,
      "n_samples_tested": 14
    },
    "10%": {
      "noise_level": 0.1,
      "clean_accuracy": 0.7333333333333333,
      "attack_success_rate": 0.7692307692307693,
      "adversarial_accuracy": 0.19999999999999998,
      "avg_perturbation": 2.229129834861389,
      "robustness_score": 0.5281395523688146,
      "n_samples_tested": 13
    },
    "20%": {
      "noise_level": 0.2,
      "clean_accuracy": 0.7,
      "attack_success_rate": 1.0,
      "adversarial_accuracy": 0.0,
      "avg_perturbation": 1.9033037887967583,
      "robustness_score": 0.42279881821853704,
      "n_samples_tested": 13
    }
  }
}