{
  "TabPFN": {
    "50/50": {
      "imbalance_ratio": 0.5,
      "majority_pct": 0.5,
      "clean_accuracy": 0.9,
      "attack_success_rate": 0.6666666666666666,
      "adversarial_accuracy": 0.33333333333333337,
      "avg_perturbation": 2.636066034865506,
      "robustness_score": 0.6387759747279537,
      "n_samples_tested": 15
    },
    "70/30": {
      "imbalance_ratio": 0.3,
      "majority_pct": 0.7,
      "clean_accuracy": 0.8666666666666667,
      "attack_success_rate": 0.8,
      "adversarial_accuracy": 0.19999999999999996,
      "avg_perturbation": 2.6772299884433863,
      "robustness_score": 0.5870891995377354,
      "n_samples_tested": 15
    },
    "80/20": {
      "imbalance_ratio": 0.2,
      "majority_pct": 0.8,
      "clean_accuracy": 0.9166666666666666,
      "attack_success_rate": 0.6666666666666666,
      "adversarial_accuracy": 0.33333333333333337,
      "avg_perturbation": 2.4367978704895896,
      "robustness_score": 0.630805248152917,
      "n_samples_tested": 15
    },
    "90/10": {
      "imbalance_ratio": 0.1,
      "majority_pct": 0.9,
      "clean_accuracy": 0.9333333333333333,
      "attack_success_rate": 0.4666666666666667,
      "adversarial_accuracy": 0.5333333333333333,
      "avg_perturbation": 3.426093518737491,
      "robustness_score": 0.750377074082833,
      "n_samples_tested": 15
    }
  },
  "XGBoost": {
    "50/50": {
      "imbalance_ratio": 0.5,
      "majority_pct": 0.5,
      "clean_accuracy": 0.7666666666666667,
      "attack_success_rate": 0.6666666666666666,
      "adversarial_accuracy": 0.33333333333333337,
      "avg_perturbation": 1.964761961373109,
      "robustness_score": 0.6119238117882578,
      "n_samples_tested": 15
    },
    "70/30": {
      "imbalance_ratio": 0.3,
      "majority_pct": 0.7,
      "clean_accuracy": 0.7833333333333333,
      "attack_success_rate": 0.8,
      "adversarial_accuracy": 0.19999999999999996,
      "avg_perturbation": 1.786875882934264,
      "robustness_score": 0.5514750353173705,
      "n_samples_tested": 15
    },
    "80/20": {
      "imbalance_ratio": 0.2,
      "majority_pct": 0.8,
      "clean_accuracy": 0.9166666666666666,
      "attack_success_rate": 0.6,
      "adversarial_accuracy": 0.4,
      "avg_perturbation": 2.0695781062636396,
      "robustness_score": 0.6427831242505456,
      "n_samples_tested": 15
    },
    "90/10": {
      "imbalance_ratio": 0.1,
      "majority_pct": 0.9,
      "clean_accuracy": 0.8833333333333333,
      "attack_success_rate": 0.4,
      "adversarial_accuracy": 0.6,
      "avg_perturbation": 2.306996628166607,
      "robustness_score": 0.7322798651266643,
      "n_samples_tested": 15
    }
  },
  "LightGBM": {
    "50/50": {
      "imbalance_ratio": 0.5,
      "majority_pct": 0.5,
      "clean_accuracy": 0.7833333333333333,
      "attack_success_rate": 0.6666666666666666,
      "adversarial_accuracy": 0.33333333333333337,
      "avg_perturbation": 2.054519870627559,
      "robustness_score": 0.6155141281584358,
      "n_samples_tested": 15
    },
    "70/30": {
      "imbalance_ratio": 0.3,
      "majority_pct": 0.7,
      "clean_accuracy": 0.7666666666666667,
      "attack_success_rate": 0.6,
      "adversarial_accuracy": 0.4,
      "avg_perturbation": 1.8375093444059898,
      "robustness_score": 0.6335003737762397,
      "n_samples_tested": 15
    },
    "80/20": {
      "imbalance_ratio": 0.2,
      "majority_pct": 0.8,
      "clean_accuracy": 0.9,
      "attack_success_rate": 0.6,
      "adversarial_accuracy": 0.4,
      "avg_perturbation": 1.9683070081697105,
      "robustness_score": 0.6387322803267885,
      "n_samples_tested": 15
    },
    "90/10": {
      "imbalance_ratio": 0.1,
      "majority_pct": 0.9,
      "clean_accuracy": 0.8833333333333333,
      "attack_success_rate": 0.4,
      "adversarial_accuracy": 0.6,
      "avg_perturbation": 2.063825935158279,
      "robustness_score": 0.7225530374063311,
      "n_samples_tested": 15
    }
  }
}