{
  "TabPFN": {
    "0%": {
      "categorical_ratio": 0.0,
      "n_categorical": 0,
      "n_numerical": 10,
      "clean_accuracy": 0.9,
      "attack_success_rate": 0.6666666666666666,
      "adversarial_accuracy": 0.33333333333333337,
      "avg_perturbation": 2.636066034865506,
      "robustness_score": 0.6387759747279537,
      "n_samples_tested": 15
    },
    "30%": {
      "categorical_ratio": 0.3,
      "n_categorical": 3,
      "n_numerical": 7,
      "clean_accuracy": 0.85,
      "attack_success_rate": 0.6666666666666666,
      "adversarial_accuracy": 0.33333333333333337,
      "avg_perturbation": 2.14288811271003,
      "robustness_score": 0.6190488578417346,
      "n_samples_tested": 15
    },
    "50%": {
      "categorical_ratio": 0.5,
      "n_categorical": 5,
      "n_numerical": 5,
      "clean_accuracy": 0.8833333333333333,
      "attack_success_rate": 0.8,
      "adversarial_accuracy": 0.19999999999999996,
      "avg_perturbation": 2.690514520847991,
      "robustness_score": 0.5876205808339197,
      "n_samples_tested": 15
    },
    "70%": {
      "categorical_ratio": 0.7,
      "n_categorical": 7,
      "n_numerical": 3,
      "clean_accuracy": 0.75,
      "attack_success_rate": 1.0,
      "adversarial_accuracy": 0.0,
      "avg_perturbation": 1.3128839619633834,
      "robustness_score": 0.45251535847853536,
      "n_samples_tested": 15
    }
  },
  "XGBoost": {
    "0%": {
      "categorical_ratio": 0.0,
      "n_categorical": 0,
      "n_numerical": 10,
      "clean_accuracy": 0.7666666666666667,
      "attack_success_rate": 0.6666666666666666,
      "adversarial_accuracy": 0.33333333333333337,
      "avg_perturbation": 1.964761961373109,
      "robustness_score": 0.6119238117882578,
      "n_samples_tested": 15
    },
    "30%": {
      "categorical_ratio": 0.3,
      "n_categorical": 3,
      "n_numerical": 7,
      "clean_accuracy": 0.7166666666666667,
      "attack_success_rate": 0.8,
      "adversarial_accuracy": 0.19999999999999996,
      "avg_perturbation": 2.06551820069957,
      "robustness_score": 0.5626207280279828,
      "n_samples_tested": 15
    },
    "50%": {
      "categorical_ratio": 0.5,
      "n_categorical": 5,
      "n_numerical": 5,
      "clean_accuracy": 0.8333333333333334,
      "attack_success_rate": 0.8666666666666667,
      "adversarial_accuracy": 0.1333333333333333,
      "avg_perturbation": 1.7813509061021657,
      "robustness_score": 0.52458736957742,
      "n_samples_tested": 15
    },
    "70%": {
      "categorical_ratio": 0.7,
      "n_categorical": 7,
      "n_numerical": 3,
      "clean_accuracy": 0.7166666666666667,
      "attack_success_rate": 1.0,
      "adversarial_accuracy": 0.0,
      "avg_perturbation": 1.2217436520025258,
      "robustness_score": 0.44886974608010105,
      "n_samples_tested": 15
    }
  },
  "LightGBM": {
    "0%": {
      "categorical_ratio": 0.0,
      "n_categorical": 0,
      "n_numerical": 10,
      "clean_accuracy": 0.7833333333333333,
      "attack_success_rate": 0.6666666666666666,
      "adversarial_accuracy": 0.33333333333333337,
      "avg_perturbation": 2.054519870627559,
      "robustness_score": 0.6155141281584358,
      "n_samples_tested": 15
    },
    "30%": {
      "categorical_ratio": 0.3,
      "n_categorical": 3,
      "n_numerical": 7,
      "clean_accuracy": 0.75,
      "attack_success_rate": 0.8,
      "adversarial_accuracy": 0.19999999999999996,
      "avg_perturbation": 2.2329699194997907,
      "robustness_score": 0.5693187967799916,
      "n_samples_tested": 15
    },
    "50%": {
      "categorical_ratio": 0.5,
      "n_categorical": 5,
      "n_numerical": 5,
      "clean_accuracy": 0.8666666666666667,
      "attack_success_rate": 0.8666666666666667,
      "adversarial_accuracy": 0.1333333333333333,
      "avg_perturbation": 1.663892957539422,
      "robustness_score": 0.5198890516349103,
      "n_samples_tested": 15
    },
    "70%": {
      "categorical_ratio": 0.7,
      "n_categorical": 7,
      "n_numerical": 3,
      "clean_accuracy": 0.75,
      "attack_success_rate": 1.0,
      "adversarial_accuracy": 0.0,
      "avg_perturbation": 1.354384649292606,
      "robustness_score": 0.45417538597170426,
      "n_samples_tested": 15
    }
  }
}