{
  "TabPFN": {
    "0%": {
      "noise_level": 0.0,
      "clean_accuracy": 0.9333333333333333,
      "attack_success_rate": 0.8,
      "adversarial_accuracy": 0.19999999999999996,
      "avg_perturbation": 2.4387421905202165,
      "robustness_score": 0.5775496876208086,
      "n_samples_tested": 15
    },
    "5%": {
      "noise_level": 0.05,
      "clean_accuracy": 0.85,
      "attack_success_rate": 0.8666666666666667,
      "adversarial_accuracy": 0.1333333333333333,
      "avg_perturbation": 2.36763955209211,
      "robustness_score": 0.5480389154170178,
      "n_samples_tested": 15
    },
    "10%": {
      "noise_level": 0.1,
      "clean_accuracy": 0.8333333333333334,
      "attack_success_rate": 0.8666666666666667,
      "adversarial_accuracy": 0.1333333333333333,
      "avg_perturbation": 2.3940321141466345,
      "robustness_score": 0.5490946178991988,
      "n_samples_tested": 15
    },
    "20%": {
      "noise_level": 0.2,
      "clean_accuracy": 0.7666666666666667,
      "attack_success_rate": 1.0,
      "adversarial_accuracy": 0.0,
      "avg_perturbation": 2.5029886700066086,
      "robustness_score": 0.5001195468002644,
      "n_samples_tested": 15
    }
  },
  "XGBoost": {
    "0%": {
      "noise_level": 0.0,
      "clean_accuracy": 0.85,
      "attack_success_rate": 0.8666666666666667,
      "adversarial_accuracy": 0.1333333333333333,
      "avg_perturbation": 2.314143263027009,
      "robustness_score": 0.5458990638544138,
      "n_samples_tested": 15
    },
    "5%": {
      "noise_level": 0.05,
      "clean_accuracy": 0.8333333333333334,
      "attack_success_rate": 0.9333333333333333,
      "adversarial_accuracy": 0.06666666666666665,
      "avg_perturbation": 1.8937427621664735,
      "robustness_score": 0.5024163771533257,
      "n_samples_tested": 15
    },
    "10%": {
      "noise_level": 0.1,
      "clean_accuracy": 0.75,
      "attack_success_rate": 0.8666666666666667,
      "adversarial_accuracy": 0.1333333333333333,
      "avg_perturbation": 1.9445784010137892,
      "robustness_score": 0.5311164693738849,
      "n_samples_tested": 15
    },
    "20%": {
      "noise_level": 0.2,
      "clean_accuracy": 0.7666666666666667,
      "attack_success_rate": 0.9333333333333333,
      "adversarial_accuracy": 0.06666666666666665,
      "avg_perturbation": 1.6435558117212312,
      "robustness_score": 0.49240889913551594,
      "n_samples_tested": 15
    }
  },
  "LightGBM": {
    "0%": {
      "noise_level": 0.0,
      "clean_accuracy": 0.7833333333333333,
      "attack_success_rate": 0.8,
      "adversarial_accuracy": 0.19999999999999996,
      "avg_perturbation": 1.77161944426601,
      "robustness_score": 0.5508647777706404,
      "n_samples_tested": 15
    },
    "5%": {
      "noise_level": 0.05,
      "clean_accuracy": 0.8,
      "attack_success_rate": 0.8666666666666667,
      "adversarial_accuracy": 0.1333333333333333,
      "avg_perturbation": 1.393490444585414,
      "robustness_score": 0.5090729511167499,
      "n_samples_tested": 15
    },
    "10%": {
      "noise_level": 0.1,
      "clean_accuracy": 0.7333333333333333,
      "attack_success_rate": 0.8666666666666667,
      "adversarial_accuracy": 0.1333333333333333,
      "avg_perturbation": 2.082133295454701,
      "robustness_score": 0.5366186651515215,
      "n_samples_tested": 15
    },
    "20%": {
      "noise_level": 0.2,
      "clean_accuracy": 0.7,
      "attack_success_rate": 1.0,
      "adversarial_accuracy": 0.0,
      "avg_perturbation": 1.5142697341933729,
      "robustness_score": 0.46057078936773493,
      "n_samples_tested": 15
    }
  }
}