{
  "XGBoost": {
    "clean_accuracy": 0.9230769230769231,
    "attack_success_rate": 1.0,
    "avg_perturbation": 2.080989563239582,
    "avg_queries": 332.93333333333334,
    "adversarial_accuracy": 0.0,
    "robustness_score": 0.4832395825295833
  },
  "LightGBM": {
    "clean_accuracy": 0.9743589743589743,
    "attack_success_rate": 0.9333333333333333,
    "avg_perturbation": 1.578515528956375,
    "avg_queries": 324.7857142857143,
    "adversarial_accuracy": 0.06666666666666665,
    "robustness_score": 0.4898072878249217
  },
  "TabPFN": {
    "clean_accuracy": 0.9743589743589743,
    "attack_success_rate": 0.9333333333333333,
    "avg_perturbation": 3.265981324171252,
    "avg_queries": 270.0,
    "adversarial_accuracy": 0.06666666666666665,
    "robustness_score": 0.5573059196335168
  }
}