{
  "XGBoost": {
    "clean_accuracy": 0.9230769230769231,
    "attack_success_rate": 1.0,
    "avg_perturbation": 2.398701647527267,
    "avg_queries": 357.2142857142857,
    "adversarial_accuracy": 0.0,
    "robustness_score": 0.469281399234424
  },
  "LightGBM": {
    "clean_accuracy": 0.9487179487179487,
    "attack_success_rate": 0.9333333333333333,
    "avg_perturbation": 1.9532373462319037,
    "avg_queries": 352.0,
    "adversarial_accuracy": 0.06666666666666665,
    "robustness_score": 0.5047961605159428
  },
  "TabPFN": {
    "clean_accuracy": 0.9743589743589743,
    "attack_success_rate": 0.7857142857142857,
    "avg_perturbation": 2.773065663929829,
    "avg_queries": 303.1818181818182,
    "adversarial_accuracy": 0.2142857142857143,
    "robustness_score": 0.5699702456048122
  }
}