{
  "XGBoost": {
    "clean_accuracy": 0.9230769230769231,
    "attack_success_rate": 0.14285714285714285,
    "avg_perturbation": 0.8594889034954206,
    "avg_queries": 435.0,
    "adversarial_accuracy": 0.8571428571428572,
    "robustness_score": 0.7505700323302931
  },
  "LightGBM": {
    "clean_accuracy": 0.9487179487179487,
    "attack_success_rate": 0.4,
    "avg_perturbation": 0.8659956379361056,
    "avg_queries": 280.0,
    "adversarial_accuracy": 0.6,
    "robustness_score": 0.6746398255174443
  },
  "TabPFN": {
    "clean_accuracy": 0.9743589743589743,
    "attack_success_rate": 0.35714285714285715,
    "avg_perturbation": 1.206201521960267,
    "avg_queries": 633.4,
    "adversarial_accuracy": 0.6428571428571428,
    "robustness_score": 0.6787242513546011
  }
}