{
  "XGBoost": {
    "clean_accuracy": 1.0,
    "attack_success_rate": 0.4666666666666667,
    "avg_perturbation": 1.4505380095375717,
    "avg_queries": 318.57142857142856,
    "robustness_score": 0.6713548537148363
  },
  "LightGBM": {
    "clean_accuracy": 0.9333333333333333,
    "attack_success_rate": 0.42857142857142855,
    "avg_perturbation": 2.1621453960468835,
    "avg_queries": 360.0,
    "robustness_score": 0.6883905777466373
  },
  "TabPFN": {
    "clean_accuracy": 1.0,
    "attack_success_rate": 0.7333333333333333,
    "avg_perturbation": 2.4396292530971984,
    "avg_queries": 257.90909090909093,
    "robustness_score": 0.6042518367905546
  }
}