{
  "XGBoost": {
    "clean_accuracy": 1.0,
    "attack_success_rate": 0.5333333333333333,
    "avg_perturbation": 2.093171202478835,
    "avg_queries": 339.25,
    "adversarial_accuracy": 0.4666666666666667,
    "robustness_score": 0.6703935147658201
  },
  "LightGBM": {
    "clean_accuracy": 0.9333333333333333,
    "attack_success_rate": 0.42857142857142855,
    "avg_perturbation": 1.7581427273739865,
    "avg_queries": 379.0,
    "adversarial_accuracy": 0.5333333333333333,
    "robustness_score": 0.6722304709997214
  },
  "TabPFN": {
    "clean_accuracy": 1.0,
    "attack_success_rate": 0.7333333333333333,
    "avg_perturbation": 2.6078686000238873,
    "avg_queries": 246.0,
    "adversarial_accuracy": 0.2666666666666667,
    "robustness_score": 0.6109814106676222
  }
}